jugador,anio,posicion,partidos_jugados,titularidades,minutos_totales,goles,asistencias,remates_totales,remates_al_arco,duelos_totales,duelos_ganados,amarillas,rojas,calificacion_promedio,pases_precision_promedio,goles_por90,asistencias_por90,duelos_ganados_pct
Alex Moreno,2022,D,1,1,90,0,0,0,0,2,1,0,0,6.2,0.14,0.0,0.0,0.5
Andres Gomez,2022,M,37,29,2447,8,2,61,35,257,102,4,0,6.7405405405405405,0.1354054054054054,0.29423784225582345,0.07355946056395586,0.3968871595330739
Andrés Llinás,2022,D,41,40,3634,0,0,17,4,330,186,9,0,6.997560975609756,0.4251219512195122,0.0,0.0,0.5636363636363636
Andrés Murillo,2022,D,15,12,1132,0,1,6,1,75,46,3,0,6.714285714285714,0.32599999999999996,0.0,0.07950530035335689,0.6133333333333333
Andrés Román,2022,D,6,6,501,0,0,2,0,34,20,0,0,6.916666666666667,0.22166666666666668,0.0,0.0,0.5882352941176471
Daniel Cataño,2022,M,18,5,755,0,2,13,4,120,66,2,0,6.822222222222222,0.21833333333333335,0.0,0.23841059602649006,0.55
Daniel Ruiz,2022,M,45,42,3573,6,6,65,36,365,181,6,0,7.155555555555556,0.29133333333333333,0.15113350125944583,0.15113350125944583,0.4958904109589041
David Macalister Silva,2022,M,35,31,2699,4,4,43,15,219,97,1,0,7.034285714285714,0.4208571428571429,0.1333827343460541,0.1333827343460541,0.4429223744292237
David Silva,2022,M,6,6,522,0,0,7,4,39,19,1,0,7.05,0.5499999999999999,0.0,0.0,0.48717948717948717
Dewar Victoria,2022,M,9,6,413,0,0,1,1,37,20,2,0,6.6875,0.29444444444444445,0.0,0.0,0.5405405405405406
Diego Abadia,2022,F,5,0,73,0,0,4,1,10,4,0,0,6.475,0.426,0.0,0.0,0.4
Diego Herazo,2022,F,40,20,1698,8,1,40,22,110,42,3,0,6.683333333333334,0.207,0.4240282685512367,0.05300353356890459,0.38181818181818183
Edgar Guerra,2022,F,20,4,696,2,0,9,6,83,41,3,0,6.7,0.1545,0.25862068965517243,0.0,0.4939759036144578
Eduardo Sosa,2022,M,22,14,1173,3,0,33,14,136,72,7,1,6.713636363636363,0.19454545454545455,0.23017902813299235,0.0,0.5294117647058824
Elvis Perlaza,2022,D,30,25,2123,0,0,6,2,163,81,9,1,6.785714285714286,0.31933333333333336,0.0,0.0,0.49693251533742333
Israel Alba,2022,D,19,16,1425,1,0,12,5,113,58,3,0,6.863157894736842,0.29684210526315785,0.06315789473684211,0.0,0.5132743362831859
Jader Valencia,2022,F,39,11,1297,6,0,31,14,167,59,6,0,6.728571428571429,0.1358974358974359,0.4163454124903624,0.0,0.3532934131736527
Jorge Rengifo,2022,F,2,0,80,0,0,1,0,7,3,0,0,6.7,0.11499999999999999,0.0,0.0,0.42857142857142855
José Cuenú,2022,D,20,12,1220,0,1,7,1,75,41,5,0,6.838888888888889,0.254,0.0,0.07377049180327869,0.5466666666666666
Juan García,2022,M,17,6,535,0,0,0,0,56,24,1,0,6.583333333333333,0.24058823529411763,0.0,0.0,0.42857142857142855
Juan Moreno,2022,G,4,3,319,0,0,0,0,6,4,1,0,6.6,0.10500000000000001,0.0,0.0,0.6666666666666666
Juan Pablo Vargas,2022,D,34,34,3013,2,1,24,10,181,123,2,0,7.102941176470588,0.42411764705882354,0.05974112180550946,0.02987056090275473,0.6795580110497238
Juan Pereira,2022,M,41,30,2692,4,2,32,17,240,119,4,0,7.087179487179487,0.3858536585365854,0.1337295690936107,0.06686478454680535,0.49583333333333335
Larry Vásquez,2022,M,41,38,3536,1,3,35,11,335,172,7,0,6.992682926829268,0.5234146341463415,0.02545248868778281,0.07635746606334842,0.5134328358208955
Luis Carlos Ruiz Morales,2022,F,20,18,1562,5,3,30,11,125,65,0,0,7.029999999999999,0.125,0.2880921895006402,0.17285531370038412,0.52
Omar Bertel,2022,D,37,37,3293,1,1,14,6,236,127,3,0,6.954054054054055,0.32054054054054054,0.02733070148800486,0.02733070148800486,0.538135593220339
Oscar Cortés,2022,M,8,1,215,0,2,3,3,35,21,0,0,6.8999999999999995,0.1275,0.0,0.8372093023255813,0.6
Ricardo Márquez,2022,F,14,1,257,0,0,11,5,36,15,4,0,6.6,0.15357142857142855,0.0,0.0,0.4166666666666667
Ricardo Rosales,2022,D,13,9,718,0,0,1,0,60,25,5,1,6.433333333333334,0.31769230769230766,0.0,0.0,0.4166666666666667
Richard Celis,2022,F,21,10,762,1,1,14,4,124,48,4,0,6.652631578947369,0.23809523809523808,0.11811023622047244,0.11811023622047244,0.3870967741935484
Samuel Asprilla,2022,D,1,0,3,0,0,0,0,0,0,0,0,,0.0,0.0,0.0,
Stiven Vega,2022,M,17,16,1402,0,1,3,2,109,54,2,0,6.911764705882353,0.47000000000000003,0.0,0.06419400855920114,0.4954128440366973
Yuber Quiñones,2022,F,23,5,588,1,1,20,7,59,26,1,0,6.75,0.2252173913043478,0.15306122448979592,0.15306122448979592,0.4406779661016949
Álvaro Montero,2022,G,46,46,4149,0,0,0,0,17,13,4,1,6.9021739130434785,0.15869565217391304,0.0,0.0,0.7647058823529411
Óscar Vanegas,2022,D,7,5,500,0,0,1,0,28,17,0,0,6.833333333333333,0.39285714285714285,0.0,0.0,0.6071428571428571
Alex Moreno,2023,D,15,12,1136,1,0,1,1,56,39,2,0,6.776923076923077,0.2833333333333333,0.07922535211267606,0.0,0.6964285714285714
Andrés Llinás,2023,D,42,40,3623,2,2,13,6,258,162,9,0,7.0285714285714285,0.3557142857142857,0.04968258349434171,0.04968258349434171,0.627906976744186
Andrés Murillo,2023,D,8,6,559,0,0,0,0,42,30,2,0,6.8428571428571425,0.1775,0.0,0.0,0.7142857142857143
Beckham Castro,2023,F,33,17,1568,6,4,26,14,133,56,3,0,6.9206896551724135,0.21424242424242426,0.3443877551020408,0.22959183673469385,0.42105263157894735
Daniel Cataño,2023,M,42,38,3151,8,7,57,28,498,249,13,1,7.133333333333334,0.3188095238095238,0.22849888924151063,0.1999365280863218,0.5
Daniel Giraldo,2023,M,50,44,3783,1,1,21,5,300,150,14,1,6.794,0.4018,0.023790642347343377,0.023790642347343377,0.5
Daniel Ruiz,2023,M,15,14,1191,1,3,18,8,121,59,2,0,7.233333333333333,0.26466666666666666,0.07556675062972291,0.22670025188916876,0.48760330578512395
David Macalister Silva,2023,M,47,40,3614,5,10,50,20,339,137,4,1,6.951063829787234,0.34914893617021275,0.12451577199778638,0.24903154399557276,0.40412979351032446
Dewar Victoria,2023,M,2,0,64,0,0,0,0,6,2,1,0,6.5,0.135,0.0,0.0,0.3333333333333333
Edgar Guerra,2023,F,42,16,1585,3,1,27,10,221,107,5,0,6.674285714285714,0.09142857142857143,0.17034700315457413,0.056782334384858045,0.4841628959276018
Elvis Perlaza,2023,D,37,35,2989,1,1,4,1,263,130,12,0,6.778378378378378,0.34324324324324323,0.03011040481766477,0.03011040481766477,0.49429657794676807
Fernando Uribe,2023,F,42,12,1453,5,0,18,10,79,32,3,0,6.5825000000000005,0.31761904761904763,0.3097040605643496,0.0,0.4050632911392405
Israel Alba,2023,D,11,7,765,1,0,4,1,53,26,1,0,6.720000000000001,0.23454545454545456,0.11764705882352941,0.0,0.49056603773584906
Jader Valencia,2023,F,28,12,1383,4,1,26,11,193,83,2,1,6.62962962962963,0.16535714285714284,0.2603036876355748,0.0650759219088937,0.43005181347150256
Jhoan Hernandez,2023,D,4,0,96,0,0,1,1,9,5,0,0,6.533333333333334,0.5475,0.0,0.0,0.5555555555555556
Jorge Arias,2023,D,50,37,3425,3,0,16,4,265,143,13,0,6.840425531914893,0.278,0.07883211678832117,0.0,0.539622641509434
Juan Carvajal,2023,F,11,2,231,1,1,4,3,23,6,0,0,6.609090909090909,0.4827272727272728,0.38961038961038963,0.38961038961038963,0.2608695652173913
Juan Moreno,2023,G,15,15,1363,0,0,0,0,10,9,0,0,7.1466666666666665,0.13466666666666666,0.0,0.0,0.9
Juan Pablo Vargas,2023,D,43,43,3802,3,2,33,13,262,185,4,0,7.2,0.37186046511627907,0.07101525512887953,0.04734350341925302,0.7061068702290076
Juan Pereira,2023,M,40,25,2269,2,5,19,9,173,88,3,0,6.956410256410257,0.26175000000000004,0.07933010136624064,0.1983252534156016,0.5086705202312138
Juan Torres,2023,M,8,3,213,0,0,5,1,22,5,1,0,6.3999999999999995,0.23125,0.0,0.0,0.22727272727272727
Kevin Cortés,2023,M,1,0,10,0,0,0,0,4,3,0,0,6.6,1.0,0.0,0.0,0.75
Kliver Moreno,2023,M,11,6,501,0,0,4,2,38,14,1,0,6.7,0.2818181818181818,0.0,0.0,0.3684210526315789
Larry Vásquez,2023,M,49,35,3292,2,0,18,5,329,164,12,0,6.923404255319149,0.38836734693877556,0.05467800729040097,0.0,0.49848024316109424
Leonardo Castro,2023,F,45,44,3538,15,4,94,43,305,128,11,1,6.977777777777778,0.102,0.38157150932730355,0.10175240248728094,0.419672131147541
Luis Carlos Ruiz Morales,2023,F,10,4,353,1,1,4,3,29,15,0,0,6.777777777777778,0.075,0.254957507082153,0.254957507082153,0.5172413793103449
Luis Paredes,2023,F,34,15,1435,3,0,30,15,188,80,0,0,6.593939393939394,0.10264705882352942,0.18815331010452963,0.0,0.425531914893617
Neyser Villareal,2023,M,3,0,33,0,0,1,0,8,2,0,0,6.333333333333333,0.3433333333333333,0.0,0.0,0.25
Nicolas Arevalo,2023,M,7,6,441,0,1,0,0,54,20,1,1,6.633333333333333,0.27142857142857146,0.0,0.20408163265306123,0.37037037037037035
Omar Bertel,2023,D,35,26,2529,0,3,11,5,228,118,1,0,6.825714285714286,0.24685714285714289,0.0,0.10676156583629894,0.5175438596491229
Oscar Cortés,2023,M,18,13,1317,6,3,34,18,159,66,1,0,6.972222222222222,0.29388888888888887,0.41002277904328016,0.20501138952164008,0.41509433962264153
Ramiro Brochero,2023,F,12,2,286,0,0,3,0,33,14,1,0,6.475,0.19583333333333333,0.0,0.0,0.42424242424242425
Ricardo Rosales,2023,D,8,6,503,0,0,0,0,49,22,1,0,6.6,0.155,0.0,0.0,0.4489795918367347
Samuel Asprilla,2023,D,17,14,1184,1,1,4,3,98,39,2,0,6.694117647058824,0.23352941176470587,0.07601351351351351,0.07601351351351351,0.3979591836734694
Sander Navarro,2023,D,14,13,1136,0,0,6,2,91,38,0,0,6.642857142857143,0.265,0.0,0.0,0.4175824175824176
Stiven Vega,2023,M,36,19,1953,0,0,2,0,156,86,4,0,6.71875,0.2847222222222222,0.0,0.0,0.5512820512820513
Yuber Quiñones,2023,F,23,11,877,1,2,16,6,114,53,0,0,6.7631578947368425,0.11608695652173913,0.10262257696693272,0.20524515393386544,0.4649122807017544
Álvaro Montero,2023,G,48,48,4387,0,0,1,0,20,16,3,0,6.960416666666667,0.14395833333333333,0.0,0.0,0.8
Óscar Vanegas,2023,D,18,13,1196,0,0,13,4,61,41,7,0,6.825,0.26611111111111113,0.0,0.0,0.6721311475409836
Alex Moreno,2024,D,10,7,666,0,0,0,0,50,24,1,0,6.625,0.307,0.0,0.0,0.48
Andrés Llinás,2024,D,40,35,3288,2,3,12,5,246,142,11,0,6.9125,0.27325,0.05474452554744526,0.08211678832116788,0.5772357723577236
Beckham Castro,2024,F,16,6,577,1,0,9,4,43,20,0,0,6.55,0.23875000000000002,0.1559792027729636,0.0,0.46511627906976744
Brayan Campáz,2024,F,2,1,54,0,0,1,0,11,4,0,0,6.25,0.04,0.0,0.0,0.36363636363636365
Carlos Sarabia,2024,D,10,9,763,0,0,2,1,54,26,2,1,6.63,0.185,0.0,0.0,0.48148148148148145
Daniel Cataño,2024,M,24,18,1476,4,4,31,12,206,99,7,0,7.079166666666667,0.23083333333333333,0.24390243902439024,0.24390243902439024,0.48058252427184467
Daniel Giraldo,2024,M,42,30,2574,1,1,9,4,187,72,16,1,6.7024390243902445,0.33428571428571424,0.03496503496503497,0.03496503496503497,0.3850267379679144
Daniel Mantilla,2024,M,16,7,733,1,1,6,3,66,22,2,0,6.6625,0.083125,0.12278308321964529,0.12278308321964529,0.3333333333333333
Daniel Ruiz,2024,M,45,26,2552,4,8,48,22,273,116,4,0,7.015909090909091,0.2237777777777778,0.14106583072100312,0.28213166144200624,0.4249084249084249
Danovis Banguero,2024,D,33,27,2540,2,1,11,6,219,109,7,0,6.878787878787879,0.2487878787878788,0.07086614173228346,0.03543307086614173,0.4977168949771689
Darwin Cortés,2024,D,1,1,45,0,0,1,1,5,2,0,0,6.7,0.2,0.0,0.0,0.4
David Macalister Silva,2024,M,39,34,2918,4,5,34,15,245,110,3,0,7.182051282051282,0.32589743589743586,0.12337217272104181,0.15421521590130227,0.4489795918367347
Delvin Alfonzo,2024,D,42,42,3758,0,3,16,3,293,125,9,1,6.7023809523809526,0.23095238095238094,0.0,0.07184672698243746,0.42662116040955633
Dewar Victoria,2024,M,1,0,1,0,0,0,0,1,0,0,0,,0.0,0.0,0.0,0.0
Diego Novoa,2024,G,9,7,738,0,0,0,0,7,6,0,0,6.777777777777778,0.12777777777777777,0.0,0.0,0.8571428571428571
Edgar Guerra,2024,M,1,1,65,3,0,3,3,6,3,1,0,9.5,0.08,4.153846153846154,0.0,0.5
Emerson Rodríguez,2024,M,22,17,1479,3,2,21,12,171,72,3,0,6.827272727272727,0.1690909090909091,0.18255578093306288,0.12170385395537525,0.42105263157894735
Felix Charrupí,2024,M,14,12,969,0,1,9,5,117,63,2,0,6.978571428571429,0.25357142857142856,0.0,0.09287925696594426,0.5384615384615384
Iván Arboleda,2024,G,7,6,479,0,0,0,0,2,1,0,1,6.483333333333333,0.09,0.0,0.0,0.5
Jader Valencia,2024,M,14,8,663,1,1,13,5,73,34,3,0,6.835714285714286,0.24642857142857144,0.13574660633484165,0.13574660633484165,0.4657534246575342
Jhoan Hernandez,2024,D,17,16,1405,0,3,7,4,102,49,1,0,6.752941176470588,0.19705882352941176,0.0,0.1921708185053381,0.4803921568627451
Jhon Córdoba,2024,M,26,19,1701,5,4,24,14,181,78,4,0,6.915384615384616,0.14692307692307693,0.26455026455026454,0.21164021164021163,0.430939226519337
Jhon Largacha,2024,M,10,6,406,0,1,1,1,52,16,2,0,6.51,0.065,0.0,0.22167487684729065,0.3076923076923077
Jorge Arias,2024,D,28,25,2154,0,0,4,1,154,79,6,0,6.807142857142857,0.2596428571428572,0.0,0.0,0.512987012987013
Jovani Welch,2024,M,3,2,63,0,0,1,0,10,3,0,0,6.633333333333333,0.10333333333333333,0.0,0.0,0.3
Juan Carvajal,2024,F,15,7,688,1,2,11,6,66,29,1,0,6.792857142857143,0.13,0.1308139534883721,0.2616279069767442,0.4393939393939394
Juan Pablo Vargas,2024,D,42,41,3751,3,2,23,11,255,173,5,0,7.114285714285715,0.35333333333333333,0.07198080511863503,0.04798720341242335,0.6784313725490196
Juan Pereira,2024,M,35,22,1988,3,3,23,9,166,89,2,0,6.912903225806452,0.23971428571428574,0.1358148893360161,0.1358148893360161,0.536144578313253
Juan Ramirez,2024,M,13,5,605,0,0,3,1,43,21,1,0,6.916666666666667,0.2023076923076923,0.0,0.0,0.4883720930232558
Kevin Palacios,2024,M,13,3,444,2,0,6,4,54,27,3,0,6.783333333333334,0.18,0.40540540540540543,0.0,0.5
Larry Vásquez,2024,M,19,11,1061,1,0,14,4,121,65,2,1,6.847368421052631,0.27,0.08482563619227144,0.0,0.5371900826446281
Leonardo Castro,2024,F,39,37,3043,21,2,100,53,271,133,10,2,7.256410256410256,0.1123076923076923,0.6210976010515938,0.05915215248110418,0.4907749077490775
Luis Paredes,2024,F,6,0,124,0,0,2,1,14,11,0,0,6.75,0.20166666666666666,0.0,0.0,0.7857142857142857
Neyser Villareal,2024,M,7,0,132,0,1,5,2,27,16,1,0,6.733333333333333,0.16999999999999998,0.0,0.6818181818181819,0.5925925925925926
Nicolas Arevalo,2024,M,5,0,76,0,0,0,0,14,6,0,0,6.62,0.082,0.0,0.0,0.42857142857142855
Omar Bertel,2024,D,7,5,404,0,0,0,0,28,11,1,0,6.771428571428571,0.30142857142857143,0.0,0.0,0.39285714285714285
Radamel Falcao,2024,F,17,9,898,5,0,30,12,92,44,3,0,6.923529411764706,0.13823529411764707,0.5011135857461024,0.0,0.4782608695652174
Ramiro Brochero,2024,F,7,0,73,0,0,1,0,9,3,0,0,6.42,0.015714285714285715,0.0,0.0,0.3333333333333333
Ricardo Rosales,2024,F,2,0,26,0,0,0,0,4,2,1,0,6.7,0.03,0.0,0.0,0.5
Sander Navarro,2024,F,18,6,782,0,1,3,2,77,32,0,0,6.65,0.2427777777777778,0.0,0.11508951406649617,0.4155844155844156
Santiago Giordana,2024,F,39,15,1718,5,1,45,21,203,82,10,0,6.81842105263158,0.22384615384615386,0.26193247962747385,0.05238649592549476,0.4039408866995074
Sergio Mosquera,2024,D,15,13,1144,0,0,4,1,51,32,5,1,6.8,0.29533333333333334,0.0,0.0,0.6274509803921569
Stiven Vega,2024,M,42,33,3157,0,1,0,0,202,98,3,0,6.823809523809524,0.3495238095238095,0.0,0.028508077288565095,0.48514851485148514
Yuber Quiñones,2024,F,10,1,310,0,0,10,6,54,24,3,0,6.6875,0.185,0.0,0.0,0.4444444444444444
Álvaro Montero,2024,G,43,43,3940,0,1,2,1,26,21,6,1,7.044186046511627,0.14883720930232558,0.0,0.022842639593908632,0.8076923076923077
Óscar Vanegas,2024,D,3,3,265,0,0,2,0,9,7,3,1,6.366666666666667,0.18333333333333335,0.0,0.0,0.7777777777777778
